,Patch,Recall_ensemble,Recall_sliding,Precision_ensemble,Precision_sliding,Dice_ensemble,Dice_sliding
0,V1,0.3740497125728432,0.41608394339675125,0.6705113085474298,0.6714178548674786,0.5787681412984154,0.5980215236511413
1,V2,0.10578631477074572,0.13124475923227233,0.7156868819266383,0.8867102400558038,0.3324013921624695,0.4121872777148846
2,V3,0.3872280461592353,0.44760813098528573,0.5725772306756671,0.5739750448743312,0.5225526008936727,0.5432986691749623
3,ALL_V,0.27638387164427,0.3184657960352146,0.6233806771339145,0.6416356881688804,0.4982669741626551,0.5333832955699925
4,T1,0.06172486486654845,0.07622372673156651,0.897983646024914,0.8560168165460937,0.2420680285963192,0.2810239169796209
5,T2,0.4089719543665995,0.4779976097278234,0.7107734420310868,0.7791878174425272,0.6193616623475245,0.6919829881425763
6,T3,0.5255385183227631,0.5954428233752939,0.8195384225524017,0.8289218851776289,0.7370710794009501,0.7686433430698486
7,ALL_T,0.36729497242036746,0.4222458500040095,0.7806459759118323,0.8111927644484691,0.6372211881074107,0.6849972878615307
